File_accession	File_format	Output_type	File_assembly	Experiment_accession	Assay	Experiment_target	Biological_replicate(s)	Technical_replicate(s)
ENCFF818XRJ	tsv	transcript quantifications	GRCh38	ENCSR385UPQ	shRNA RNA-seq	RBM15	1	1_1
ENCFF808VFS	tsv	transcript quantifications	GRCh38	ENCSR385UPQ	shRNA RNA-seq	RBM15	2	2_1
ENCFF398NOG	tsv	transcript quantifications	GRCh38	ENCSR174OYC	shRNA RNA-seq	control	2	2_1
ENCFF731ZKV	tsv	transcript quantifications	GRCh38	ENCSR174OYC	shRNA RNA-seq	control	1	1_1
ENCFF723ARF	tsv	transcript quantifications	GRCh38	ENCSR047QHX	shRNA RNA-seq	SF3B1	1	1_1
ENCFF214YJO	tsv	transcript quantifications	GRCh38	ENCSR047QHX	shRNA RNA-seq	SF3B1	2	2_1
ENCFF092TUP	tsv	transcript quantifications	GRCh38	ENCSR718EWL	shRNA RNA-seq	control	1	1_1
ENCFF648UUE	tsv	transcript quantifications	GRCh38	ENCSR718EWL	shRNA RNA-seq	control	2	2_1
ENCFF979ESH	tsv	transcript quantifications	GRCh38	ENCSR424QCW	shRNA RNA-seq	control	1	1_1
ENCFF187UBJ	tsv	transcript quantifications	GRCh38	ENCSR424QCW	shRNA RNA-seq	control	2	2_1
ENCFF387HXU	tsv	transcript quantifications	GRCh38	ENCSR154OBA	shRNA RNA-seq	control	1	1_1
ENCFF588YPC	tsv	transcript quantifications	GRCh38	ENCSR154OBA	shRNA RNA-seq	control	2	2_1
ENCFF367OKR	tsv	transcript quantifications	GRCh38	ENCSR251ABP	shRNA RNA-seq	UPF1	1	1_1
ENCFF024ZCL	tsv	transcript quantifications	GRCh38	ENCSR251ABP	shRNA RNA-seq	UPF1	2	2_1
ENCFF543OPZ	tsv	transcript quantifications	GRCh38	ENCSR898ABR	shRNA RNA-seq	control	1	1_1
ENCFF243DCK	tsv	transcript quantifications	GRCh38	ENCSR898ABR	shRNA RNA-seq	control	2	2_1
ENCFF381SPV	tsv	transcript quantifications	GRCh38	ENCSR688GVV	shRNA RNA-seq	FTO	2	2_1
ENCFF193NZK	tsv	transcript quantifications	GRCh38	ENCSR688GVV	shRNA RNA-seq	FTO	1	1_1
ENCFF594TAF	tsv	transcript quantifications	GRCh38	ENCSR233UVM	shRNA RNA-seq	ABT1	1	1_1
ENCFF187BDJ	tsv	transcript quantifications	GRCh38	ENCSR233UVM	shRNA RNA-seq	ABT1	2	2_1
ENCFF541UVI	tsv	transcript quantifications	GRCh38	ENCSR384BDV	shRNA RNA-seq	CPSF6	2	2_1
ENCFF244PPX	tsv	transcript quantifications	GRCh38	ENCSR384BDV	shRNA RNA-seq	CPSF6	1	1_1
ENCFF523APK	tsv	transcript quantifications	GRCh38	ENCSR949RMX	shRNA RNA-seq	XRN1	1	1_1
ENCFF180KEM	tsv	transcript quantifications	GRCh38	ENCSR949RMX	shRNA RNA-seq	XRN1	2	2_1
ENCFF404REP	tsv	transcript quantifications	GRCh38	ENCSR260BQC	shRNA RNA-seq	control	1	1_1
ENCFF204NXW	tsv	transcript quantifications	GRCh38	ENCSR260BQC	shRNA RNA-seq	control	2	2_1
ENCFF565QUN	tsv	transcript quantifications	GRCh38	ENCSR473KFO	shRNA RNA-seq	UTP3	2	2_1
ENCFF460HAN	tsv	transcript quantifications	GRCh38	ENCSR473KFO	shRNA RNA-seq	UTP3	1	1_1
ENCFF856CLV	tsv	transcript quantifications	GRCh38	ENCSR655JYC	shRNA RNA-seq	control	2	2_1
ENCFF985BWJ	tsv	transcript quantifications	GRCh38	ENCSR655JYC	shRNA RNA-seq	control	1	1_1
ENCFF196RTP	tsv	transcript quantifications	GRCh38	ENCSR629XTS	shRNA RNA-seq	XPO1	1	1_1
ENCFF458WUX	tsv	transcript quantifications	GRCh38	ENCSR629XTS	shRNA RNA-seq	XPO1	2	2_1
ENCFF532ROD	tsv	transcript quantifications	GRCh38	ENCSR793QPX	shRNA RNA-seq	HDGF	2	2_1
ENCFF138KUV	tsv	transcript quantifications	GRCh38	ENCSR793QPX	shRNA RNA-seq	HDGF	1	1_1
ENCFF500UIY	tsv	transcript quantifications	GRCh38	ENCSR953IQF	shRNA RNA-seq	NUP35	1	1_1
ENCFF248ZGS	tsv	transcript quantifications	GRCh38	ENCSR953IQF	shRNA RNA-seq	NUP35	2	2_1
ENCFF937SMK	tsv	transcript quantifications	GRCh38	ENCSR608IXR	shRNA RNA-seq	FUBP1	2	2_1
ENCFF648FHJ	tsv	transcript quantifications	GRCh38	ENCSR608IXR	shRNA RNA-seq	FUBP1	1	1_1
ENCFF178YRS	tsv	transcript quantifications	GRCh38	ENCSR031RRO	shRNA RNA-seq	control	2	2_1
ENCFF129KKM	tsv	transcript quantifications	GRCh38	ENCSR031RRO	shRNA RNA-seq	control	1	1_1
ENCFF293JRR	tsv	transcript quantifications	GRCh38	ENCSR494UDF	shRNA RNA-seq	DKC1	1	1_1
ENCFF702YWY	tsv	transcript quantifications	GRCh38	ENCSR494UDF	shRNA RNA-seq	DKC1	2	2_1
ENCFF635YSU	tsv	transcript quantifications	GRCh38	ENCSR029LGJ	shRNA RNA-seq	DDX51	1	1_1
ENCFF472GXS	tsv	transcript quantifications	GRCh38	ENCSR029LGJ	shRNA RNA-seq	DDX51	2	2_1
ENCFF584WPM	tsv	transcript quantifications	GRCh38	ENCSR281IUF	shRNA RNA-seq	DDX19B	1	1_1
ENCFF401SXN	tsv	transcript quantifications	GRCh38	ENCSR281IUF	shRNA RNA-seq	DDX19B	2	2_1
ENCFF381WFG	tsv	transcript quantifications	GRCh38	ENCSR258VGD	shRNA RNA-seq	EIF3A	1	1_1
ENCFF025RUS	tsv	transcript quantifications	GRCh38	ENCSR258VGD	shRNA RNA-seq	EIF3A	2	2_1
ENCFF939AFN	tsv	transcript quantifications	GRCh38	ENCSR511BNY	shRNA RNA-seq	FIP1L1	1	1_1
ENCFF452TSN	tsv	transcript quantifications	GRCh38	ENCSR511BNY	shRNA RNA-seq	FIP1L1	2	2_1
ENCFF949ICL	tsv	transcript quantifications	GRCh38	ENCSR336DFS	shRNA RNA-seq	RBFOX2	2	2_1
ENCFF202ASF	tsv	transcript quantifications	GRCh38	ENCSR336DFS	shRNA RNA-seq	RBFOX2	1	1_1
ENCFF761CYF	tsv	transcript quantifications	GRCh38	ENCSR584LDM	shRNA RNA-seq	DDX27	1	1_1
ENCFF243HAN	tsv	transcript quantifications	GRCh38	ENCSR584LDM	shRNA RNA-seq	DDX27	2	2_1
ENCFF750EVE	tsv	transcript quantifications	GRCh38	ENCSR661HEL	shRNA RNA-seq	control	1	1_1
ENCFF383NGY	tsv	transcript quantifications	GRCh38	ENCSR661HEL	shRNA RNA-seq	control	2	2_1
ENCFF492HYM	tsv	transcript quantifications	GRCh38	ENCSR193CCY	shRNA RNA-seq	RPS11	1	1_1
ENCFF955WTQ	tsv	transcript quantifications	GRCh38	ENCSR193CCY	shRNA RNA-seq	RPS11	2	2_1
ENCFF517REW	tsv	transcript quantifications	GRCh38	ENCSR269HQA	shRNA RNA-seq	ILF3	2	2_1
ENCFF915LCA	tsv	transcript quantifications	GRCh38	ENCSR269HQA	shRNA RNA-seq	ILF3	1	1_1
ENCFF907HZS	tsv	transcript quantifications	GRCh38	ENCSR774AEQ	shRNA RNA-seq	control	2	2_1
ENCFF362TGC	tsv	transcript quantifications	GRCh38	ENCSR774AEQ	shRNA RNA-seq	control	1	1_1
ENCFF727FXC	tsv	transcript quantifications	GRCh38	ENCSR572FFX	shRNA RNA-seq	control	2	2_1
ENCFF196RJS	tsv	transcript quantifications	GRCh38	ENCSR572FFX	shRNA RNA-seq	control	1	1_1
ENCFF969VXX	tsv	transcript quantifications	GRCh38	ENCSR143COQ	shRNA RNA-seq	control	1	1_1
ENCFF926GXN	tsv	transcript quantifications	GRCh38	ENCSR143COQ	shRNA RNA-seq	control	2	2_1
ENCFF106CSR	tsv	transcript quantifications	GRCh38	ENCSR898NWE	shRNA RNA-seq	control	2	2_1
ENCFF270KUO	tsv	transcript quantifications	GRCh38	ENCSR898NWE	shRNA RNA-seq	control	1	1_1
ENCFF045FYF	tsv	transcript quantifications	GRCh38	ENCSR232XRZ	shRNA RNA-seq	SND1	1	1_1
ENCFF084XHR	tsv	transcript quantifications	GRCh38	ENCSR232XRZ	shRNA RNA-seq	SND1	2	2_1
ENCFF579OMZ	tsv	transcript quantifications	GRCh38	ENCSR084SCN	shRNA RNA-seq	control	1	1_1
ENCFF260WQH	tsv	transcript quantifications	GRCh38	ENCSR084SCN	shRNA RNA-seq	control	2	2_1
ENCFF378NVK	tsv	transcript quantifications	GRCh38	ENCSR560AYQ	shRNA RNA-seq	RBM34	1	1_1
ENCFF437IAB	tsv	transcript quantifications	GRCh38	ENCSR560AYQ	shRNA RNA-seq	RBM34	2	2_1
ENCFF688AWG	tsv	transcript quantifications	GRCh38	ENCSR780YFF	shRNA RNA-seq	FXR1	1	1_1
ENCFF505FGQ	tsv	transcript quantifications	GRCh38	ENCSR780YFF	shRNA RNA-seq	FXR1	2	2_1
ENCFF217GRM	tsv	transcript quantifications	GRCh38	ENCSR344XID	shRNA RNA-seq	control	2	2_1
ENCFF646AWW	tsv	transcript quantifications	GRCh38	ENCSR344XID	shRNA RNA-seq	control	1	1_1
ENCFF235AEZ	tsv	transcript quantifications	GRCh38	ENCSR334HNJ	shRNA RNA-seq	DDX47	1	1_1
ENCFF394PGE	tsv	transcript quantifications	GRCh38	ENCSR334HNJ	shRNA RNA-seq	DDX47	2	2_1
ENCFF172JAM	tsv	transcript quantifications	GRCh38	ENCSR231PWH	shRNA RNA-seq	NKRF	1	1_1
ENCFF517MVJ	tsv	transcript quantifications	GRCh38	ENCSR231PWH	shRNA RNA-seq	NKRF	2	2_1
ENCFF706XUT	tsv	transcript quantifications	GRCh38	ENCSR732ICL	shRNA RNA-seq	HNRNPU	1	1_1
ENCFF501TEV	tsv	transcript quantifications	GRCh38	ENCSR732ICL	shRNA RNA-seq	HNRNPU	2	2_1
ENCFF741QDZ	tsv	transcript quantifications	GRCh38	ENCSR031RZS	shRNA RNA-seq	TAF15	2	2_1
ENCFF144QBM	tsv	transcript quantifications	GRCh38	ENCSR031RZS	shRNA RNA-seq	TAF15	1	1_1
ENCFF974LGY	tsv	transcript quantifications	GRCh38	ENCSR958NDU	shRNA RNA-seq	HLTF	2	2_1
ENCFF855YWZ	tsv	transcript quantifications	GRCh38	ENCSR906RHU	shRNA RNA-seq	SRSF5	1	1_1
ENCFF763XFL	tsv	transcript quantifications	GRCh38	ENCSR906RHU	shRNA RNA-seq	SRSF5	2	2_1
ENCFF550RCN	tsv	transcript quantifications	GRCh38	ENCSR783YSQ	shRNA RNA-seq	RTF1	1	1_1
ENCFF655KFO	tsv	transcript quantifications	GRCh38	ENCSR783YSQ	shRNA RNA-seq	RTF1	2	2_1
ENCFF146KUN	tsv	transcript quantifications	GRCh38	ENCSR232CPD	shRNA RNA-seq	XRCC6	1	1_1
ENCFF885QTO	tsv	transcript quantifications	GRCh38	ENCSR232CPD	shRNA RNA-seq	XRCC6	2	2_1
ENCFF723GAU	tsv	transcript quantifications	GRCh38	ENCSR408SDL	shRNA RNA-seq	SMNDC1	1	1_1
ENCFF434VNT	tsv	transcript quantifications	GRCh38	ENCSR408SDL	shRNA RNA-seq	SMNDC1	2	2_1
ENCFF498FQP	tsv	transcript quantifications	GRCh38	ENCSR783LUA	shRNA RNA-seq	PRPF6	2	2_1
ENCFF928UCL	tsv	transcript quantifications	GRCh38	ENCSR907UTB	shRNA RNA-seq	DAZAP1	1	1_1
ENCFF164SXJ	tsv	transcript quantifications	GRCh38	ENCSR940GIC	shRNA RNA-seq	CKAP4	2	2_1
ENCFF285CLK	tsv	transcript quantifications	GRCh38	ENCSR940GIC	shRNA RNA-seq	CKAP4	1	1_1
ENCFF579ESO	tsv	transcript quantifications	GRCh38	ENCSR916WOI	shRNA RNA-seq	TRA2A	2	2_1
ENCFF276KCX	tsv	transcript quantifications	GRCh38	ENCSR302JQA	shRNA RNA-seq	IGF2BP3	2	2_1
ENCFF222KHG	tsv	transcript quantifications	GRCh38	ENCSR302JQA	shRNA RNA-seq	IGF2BP3	1	1_1
ENCFF137NTP	tsv	transcript quantifications	GRCh38	ENCSR081EST	shRNA RNA-seq	control	1	1_1
ENCFF892JPS	tsv	transcript quantifications	GRCh38	ENCSR081EST	shRNA RNA-seq	control	2	2_1
ENCFF224PWN	tsv	transcript quantifications	GRCh38	ENCSR312HJY	shRNA RNA-seq	CNOT8	1	1_1
ENCFF912DRY	tsv	transcript quantifications	GRCh38	ENCSR312HJY	shRNA RNA-seq	CNOT8	2	2_1
ENCFF278WOR	tsv	transcript quantifications	GRCh38	ENCSR081XRA	shRNA RNA-seq	SF3B4	1	1_1
ENCFF805CXZ	tsv	transcript quantifications	GRCh38	ENCSR081XRA	shRNA RNA-seq	SF3B4	2	2_1
ENCFF611EXN	tsv	transcript quantifications	GRCh38	ENCSR628JYB	shRNA RNA-seq	SF1	1	1_1
ENCFF831VPI	tsv	transcript quantifications	GRCh38	ENCSR628JYB	shRNA RNA-seq	SF1	2	2_1
ENCFF520KUR	tsv	transcript quantifications	GRCh38	ENCSR936VPP	shRNA RNA-seq	control	1	1_1
ENCFF765WVX	tsv	transcript quantifications	GRCh38	ENCSR936VPP	shRNA RNA-seq	control	2	2_1
ENCFF102ADQ	tsv	transcript quantifications	GRCh38	ENCSR368ZRP	shRNA RNA-seq	PAPOLA	1	1_1
ENCFF198JZZ	tsv	transcript quantifications	GRCh38	ENCSR368ZRP	shRNA RNA-seq	PAPOLA	2	2_1
ENCFF036ZLS	tsv	transcript quantifications	GRCh38	ENCSR253DCB	shRNA RNA-seq	ASCC1	1	1_1
ENCFF875VFE	tsv	transcript quantifications	GRCh38	ENCSR253DCB	shRNA RNA-seq	ASCC1	2	2_1
ENCFF810TJM	tsv	transcript quantifications	GRCh38	ENCSR745WVZ	shRNA RNA-seq	PUM1	1	1_1
ENCFF262NWN	tsv	transcript quantifications	GRCh38	ENCSR745WVZ	shRNA RNA-seq	PUM1	2	2_1
ENCFF803TIU	tsv	transcript quantifications	GRCh38	ENCSR082UWF	shRNA RNA-seq	STIP1	1	1_1
ENCFF876YJQ	tsv	transcript quantifications	GRCh38	ENCSR082UWF	shRNA RNA-seq	STIP1	2	2_1
ENCFF062SNI	tsv	transcript quantifications	GRCh38	ENCSR660ETT	shRNA RNA-seq	EIF3D	1	1_1
ENCFF315ORT	tsv	transcript quantifications	GRCh38	ENCSR660ETT	shRNA RNA-seq	EIF3D	2	2_1
ENCFF316ONF	tsv	transcript quantifications	GRCh38	ENCSR577OVP	shRNA RNA-seq	DNAJC2	1	1_1
ENCFF665WFU	tsv	transcript quantifications	GRCh38	ENCSR577OVP	shRNA RNA-seq	DNAJC2	2	2_1
ENCFF519WKI	tsv	transcript quantifications	GRCh38	ENCSR898OPN	shRNA RNA-seq	RBM17	1	1_1
ENCFF166NKM	tsv	transcript quantifications	GRCh38	ENCSR898OPN	shRNA RNA-seq	RBM17	2	2_1
ENCFF820HEL	tsv	transcript quantifications	GRCh38	ENCSR829EFL	shRNA RNA-seq	NSUN2	1	1_1
ENCFF203KYU	tsv	transcript quantifications	GRCh38	ENCSR829EFL	shRNA RNA-seq	NSUN2	2	2_1
ENCFF354QUG	tsv	transcript quantifications	GRCh38	ENCSR921KDS	shRNA RNA-seq	RCC2	2	2_1
ENCFF123KHW	tsv	transcript quantifications	GRCh38	ENCSR921KDS	shRNA RNA-seq	RCC2	1	1_1
ENCFF226VBV	tsv	transcript quantifications	GRCh38	ENCSR322XVS	shRNA RNA-seq	PHF6	2	2_1
ENCFF219HHU	tsv	transcript quantifications	GRCh38	ENCSR322XVS	shRNA RNA-seq	PHF6	1	1_1
ENCFF711ZKT	tsv	transcript quantifications	GRCh38	ENCSR530BOP	shRNA RNA-seq	SUPT6H	1	1_1
ENCFF810WCM	tsv	transcript quantifications	GRCh38	ENCSR530BOP	shRNA RNA-seq	SUPT6H	2	2_1
ENCFF108BUM	tsv	transcript quantifications	GRCh38	ENCSR535YPK	shRNA RNA-seq	SFPQ	1	1_1
ENCFF627HZQ	tsv	transcript quantifications	GRCh38	ENCSR535YPK	shRNA RNA-seq	SFPQ	2	2_1
ENCFF815TSM	tsv	transcript quantifications	GRCh38	ENCSR624XHG	shRNA RNA-seq	DROSHA	1	1_1
ENCFF722WSR	tsv	transcript quantifications	GRCh38	ENCSR624XHG	shRNA RNA-seq	DROSHA	2	2_1
ENCFF914CEG	tsv	transcript quantifications	GRCh38	ENCSR712CSN	shRNA RNA-seq	EIF4G1	1	1_1
ENCFF870UVK	tsv	transcript quantifications	GRCh38	ENCSR712CSN	shRNA RNA-seq	EIF4G1	2	2_1
ENCFF375WXK	tsv	transcript quantifications	GRCh38	ENCSR164TLB	shRNA RNA-seq	ADAR	1	1_1
ENCFF260SPB	tsv	transcript quantifications	GRCh38	ENCSR164TLB	shRNA RNA-seq	ADAR	2	2_1
ENCFF113ECO	tsv	transcript quantifications	GRCh38	ENCSR943LIB	shRNA RNA-seq	SNRNP200	1	1_1
ENCFF786QUC	tsv	transcript quantifications	GRCh38	ENCSR943LIB	shRNA RNA-seq	SNRNP200	2	2_1
ENCFF434ZNT	tsv	transcript quantifications	GRCh38	ENCSR129ROE	shRNA RNA-seq	SMN1	1	1_1
ENCFF995QCT	tsv	transcript quantifications	GRCh38	ENCSR129ROE	shRNA RNA-seq	SMN1	2	2_1
ENCFF099HJZ	tsv	transcript quantifications	GRCh38	ENCSR398HXV	shRNA RNA-seq	NONO	2	2_1
ENCFF045YYP	tsv	transcript quantifications	GRCh38	ENCSR398HXV	shRNA RNA-seq	NONO	1	1_1
ENCFF903YUA	tsv	transcript quantifications	GRCh38	ENCSR181RLB	shRNA RNA-seq	EEF2	1	1_1
ENCFF964LWI	tsv	transcript quantifications	GRCh38	ENCSR181RLB	shRNA RNA-seq	EEF2	2	2_1
ENCFF090BXT	tsv	transcript quantifications	GRCh38	ENCSR208GPE	shRNA RNA-seq	DDX1	1	1_1
ENCFF118QDQ	tsv	transcript quantifications	GRCh38	ENCSR208GPE	shRNA RNA-seq	DDX1	2	2_1
ENCFF450IDP	tsv	transcript quantifications	GRCh38	ENCSR454KYR	shRNA RNA-seq	SF3A3	1	1_1
ENCFF709ZFQ	tsv	transcript quantifications	GRCh38	ENCSR454KYR	shRNA RNA-seq	SF3A3	2	2_1
ENCFF120OGL	tsv	transcript quantifications	GRCh38	ENCSR844QNT	shRNA RNA-seq	PPP1R8	2	2_1
ENCFF979FTI	tsv	transcript quantifications	GRCh38	ENCSR844QNT	shRNA RNA-seq	PPP1R8	1	1_1
ENCFF431ROM	tsv	transcript quantifications	GRCh38	ENCSR410ZPU	shRNA RNA-seq	BCLAF1	1	1_1
ENCFF158MRE	tsv	transcript quantifications	GRCh38	ENCSR410ZPU	shRNA RNA-seq	BCLAF1	2	2_1
ENCFF622KHZ	tsv	transcript quantifications	GRCh38	ENCSR605MFS	shRNA RNA-seq	CELF1	2	2_1
ENCFF745GHI	tsv	transcript quantifications	GRCh38	ENCSR605MFS	shRNA RNA-seq	CELF1	1	1_1
ENCFF358RUE	tsv	transcript quantifications	GRCh38	ENCSR362XMY	shRNA RNA-seq	UBE2L3	1	1_1
ENCFF445WEU	tsv	transcript quantifications	GRCh38	ENCSR362XMY	shRNA RNA-seq	UBE2L3	2	2_1
ENCFF168QRQ	tsv	transcript quantifications	GRCh38	ENCSR874DVZ	shRNA RNA-seq	GLRX3	1	1_1
ENCFF244QYA	tsv	transcript quantifications	GRCh38	ENCSR874DVZ	shRNA RNA-seq	GLRX3	2	2_1
ENCFF323BKM	tsv	transcript quantifications	GRCh38	ENCSR309PPC	shRNA RNA-seq	PA2G4	1	1_1
ENCFF774CGM	tsv	transcript quantifications	GRCh38	ENCSR788YGG	shRNA RNA-seq	RPS3A	1	1_1
ENCFF386VJZ	tsv	transcript quantifications	GRCh38	ENCSR812TLY	shRNA RNA-seq	AGGF1	1	1_1
ENCFF284ALQ	tsv	transcript quantifications	GRCh38	ENCSR812TLY	shRNA RNA-seq	AGGF1	2	2_1
ENCFF728DBO	tsv	transcript quantifications	GRCh38	ENCSR721MXZ	shRNA RNA-seq	ABCF1	1	1_1
ENCFF488ROZ	tsv	transcript quantifications	GRCh38	ENCSR777EDL	shRNA RNA-seq	STAU1	1	1_1
ENCFF788KCT	tsv	transcript quantifications	GRCh38	ENCSR192BPV	shRNA RNA-seq	SUGP2	1	1_1
ENCFF105ZEG	tsv	transcript quantifications	GRCh38	ENCSR192BPV	shRNA RNA-seq	SUGP2	2	2_1
ENCFF548XXZ	tsv	transcript quantifications	GRCh38	ENCSR963RLK	shRNA RNA-seq	APOBEC3C	1	1_1
ENCFF381DVH	tsv	transcript quantifications	GRCh38	ENCSR188IPO	shRNA RNA-seq	GTF2F1	2	2_1
ENCFF410MWW	tsv	transcript quantifications	GRCh38	ENCSR188IPO	shRNA RNA-seq	GTF2F1	1	1_1
ENCFF857QBA	tsv	transcript quantifications	GRCh38	ENCSR345VVZ	shRNA RNA-seq	DHX30	1	1_1
ENCFF811VOU	tsv	transcript quantifications	GRCh38	ENCSR345VVZ	shRNA RNA-seq	DHX30	2	2_1
ENCFF936NRK	tsv	transcript quantifications	GRCh38	ENCSR231DXJ	shRNA RNA-seq	ATP5C1	2	2_1
ENCFF611QPI	tsv	transcript quantifications	GRCh38	ENCSR231DXJ	shRNA RNA-seq	ATP5C1	1	1_1
ENCFF147PIU	tsv	transcript quantifications	GRCh38	ENCSR560RSZ	shRNA RNA-seq	DDX52	2	2_1
ENCFF932XPP	tsv	transcript quantifications	GRCh38	ENCSR560RSZ	shRNA RNA-seq	DDX52	1	1_1
ENCFF439BQW	tsv	transcript quantifications	GRCh38	ENCSR143UET	shRNA RNA-seq	EIF3G	1	1_1
ENCFF715EGC	tsv	transcript quantifications	GRCh38	ENCSR143UET	shRNA RNA-seq	EIF3G	2	2_1
ENCFF212RGZ	tsv	transcript quantifications	GRCh38	ENCSR448JAM	shRNA RNA-seq	ZC3H8	1	1_1
ENCFF715FYV	tsv	transcript quantifications	GRCh38	ENCSR448JAM	shRNA RNA-seq	ZC3H8	2	2_1
ENCFF946YED	tsv	transcript quantifications	GRCh38	ENCSR416ZJH	shRNA RNA-seq	PABPN1	1	1_1
ENCFF346JPC	tsv	transcript quantifications	GRCh38	ENCSR416ZJH	shRNA RNA-seq	PABPN1	2	2_1
ENCFF161VTV	tsv	transcript quantifications	GRCh38	ENCSR611LQB	shRNA RNA-seq	PSIP1	1	1_1
ENCFF243ALP	tsv	transcript quantifications	GRCh38	ENCSR611LQB	shRNA RNA-seq	PSIP1	2	2_1
ENCFF493QVH	tsv	transcript quantifications	GRCh38	ENCSR823WTA	shRNA RNA-seq	KIF1C	1	1_1
ENCFF918NWL	tsv	transcript quantifications	GRCh38	ENCSR823WTA	shRNA RNA-seq	KIF1C	2	2_1
ENCFF213COD	tsv	transcript quantifications	GRCh38	ENCSR048BWH	shRNA RNA-seq	HNRNPA1	1	1_1
ENCFF070ZTT	tsv	transcript quantifications	GRCh38	ENCSR048BWH	shRNA RNA-seq	HNRNPA1	2	2_1
ENCFF415ODV	tsv	transcript quantifications	GRCh38	ENCSR762FEO	shRNA RNA-seq	LSM11	2	2_1
ENCFF917ZDZ	tsv	transcript quantifications	GRCh38	ENCSR762FEO	shRNA RNA-seq	LSM11	1	1_1
ENCFF520FRY	tsv	transcript quantifications	GRCh38	ENCSR558XNA	shRNA RNA-seq	PUF60	1	1_1
ENCFF662UQT	tsv	transcript quantifications	GRCh38	ENCSR558XNA	shRNA RNA-seq	PUF60	2	2_1
ENCFF706COO	tsv	transcript quantifications	GRCh38	ENCSR775TMW	shRNA RNA-seq	BOP1	1	1_1
ENCFF828GSV	tsv	transcript quantifications	GRCh38	ENCSR775TMW	shRNA RNA-seq	BOP1	2	2_1
ENCFF164CZI	tsv	transcript quantifications	GRCh38	ENCSR927XBT	shRNA RNA-seq	NUSAP1	1	1_1
ENCFF367DLN	tsv	transcript quantifications	GRCh38	ENCSR927XBT	shRNA RNA-seq	NUSAP1	2	2_1
ENCFF050RMR	tsv	transcript quantifications	GRCh38	ENCSR169QQW	shRNA RNA-seq	MSI2	1	1_1
ENCFF028NYP	tsv	transcript quantifications	GRCh38	ENCSR169QQW	shRNA RNA-seq	MSI2	2	2_1
ENCFF652SPG	tsv	transcript quantifications	GRCh38	ENCSR346DZQ	shRNA RNA-seq	NPM1	1	1_1
ENCFF744LYB	tsv	transcript quantifications	GRCh38	ENCSR346DZQ	shRNA RNA-seq	NPM1	2	2_1
ENCFF296AYT	tsv	transcript quantifications	GRCh38	ENCSR598YQX	shRNA RNA-seq	LIN28B	1	1_1
ENCFF279NDM	tsv	transcript quantifications	GRCh38	ENCSR598YQX	shRNA RNA-seq	LIN28B	2	2_1
ENCFF413DYP	tsv	transcript quantifications	GRCh38	ENCSR219DXZ	shRNA RNA-seq	SBDS	2	2_1
ENCFF409BGS	tsv	transcript quantifications	GRCh38	ENCSR219DXZ	shRNA RNA-seq	SBDS	1	1_1
ENCFF942LDW	tsv	transcript quantifications	GRCh38	ENCSR812EIA	shRNA RNA-seq	EXOSC9	1	1_1
ENCFF614UDR	tsv	transcript quantifications	GRCh38	ENCSR556FNN	shRNA RNA-seq	PPIL4	2	2_1
ENCFF658ODE	tsv	transcript quantifications	GRCh38	ENCSR556FNN	shRNA RNA-seq	PPIL4	1	1_1
ENCFF501OGZ	tsv	transcript quantifications	GRCh38	ENCSR945GUR	shRNA RNA-seq	NAA15	1	1_1
ENCFF322SJC	tsv	transcript quantifications	GRCh38	ENCSR945GUR	shRNA RNA-seq	NAA15	2	2_1
ENCFF724TJD	tsv	transcript quantifications	GRCh38	ENCSR165VBD	shRNA RNA-seq	UTP18	1	1_1
ENCFF724KUS	tsv	transcript quantifications	GRCh38	ENCSR165VBD	shRNA RNA-seq	UTP18	2	2_1
ENCFF011MHM	tsv	transcript quantifications	GRCh38	ENCSR978CSQ	shRNA RNA-seq	PKM	1	1_1
ENCFF295HEY	tsv	transcript quantifications	GRCh38	ENCSR978CSQ	shRNA RNA-seq	PKM	2	2_1
ENCFF928IHC	tsv	transcript quantifications	GRCh38	ENCSR927TSP	shRNA RNA-seq	TIAL1	1	1_1
ENCFF694EGD	tsv	transcript quantifications	GRCh38	ENCSR927TSP	shRNA RNA-seq	TIAL1	2	2_1
ENCFF148MUB	tsv	transcript quantifications	GRCh38	ENCSR770LYW	shRNA RNA-seq	SAFB2	1	1_1
ENCFF644HJG	tsv	transcript quantifications	GRCh38	ENCSR770LYW	shRNA RNA-seq	SAFB2	2	2_1
ENCFF831KOA	tsv	transcript quantifications	GRCh38	ENCSR925RNE	shRNA RNA-seq	SERBP1	1	1_1
ENCFF796AQK	tsv	transcript quantifications	GRCh38	ENCSR925RNE	shRNA RNA-seq	SERBP1	2	2_1
ENCFF267VOZ	tsv	transcript quantifications	GRCh38	ENCSR453HKS	shRNA RNA-seq	XPO5	1	1_1
ENCFF437QPU	tsv	transcript quantifications	GRCh38	ENCSR453HKS	shRNA RNA-seq	XPO5	2	2_1
ENCFF409ROU	tsv	transcript quantifications	GRCh38	ENCSR300QFQ	shRNA RNA-seq	TRIM56	1	1_1
ENCFF575WLT	tsv	transcript quantifications	GRCh38	ENCSR300QFQ	shRNA RNA-seq	TRIM56	2	2_1
ENCFF195MJE	tsv	transcript quantifications	GRCh38	ENCSR286OKW	shRNA RNA-seq	CSTF2T	1	1_1
ENCFF082CHT	tsv	transcript quantifications	GRCh38	ENCSR286OKW	shRNA RNA-seq	CSTF2T	2	2_1
ENCFF415LZO	tsv	transcript quantifications	GRCh38	ENCSR325OOM	shRNA RNA-seq	FUS	1	1_1
ENCFF449GZP	tsv	transcript quantifications	GRCh38	ENCSR325OOM	shRNA RNA-seq	FUS	2	2_1
ENCFF671ETA	tsv	transcript quantifications	GRCh38	ENCSR810FHY	shRNA RNA-seq	UPF2	1	1_1
ENCFF281NTB	tsv	transcript quantifications	GRCh38	ENCSR810FHY	shRNA RNA-seq	UPF2	2	2_1
ENCFF409MEI	tsv	transcript quantifications	GRCh38	ENCSR047IUS	shRNA RNA-seq	HNRNPU	2	2_1
ENCFF550FBL	tsv	transcript quantifications	GRCh38	ENCSR047IUS	shRNA RNA-seq	HNRNPU	1	1_1
ENCFF516ZXB	tsv	transcript quantifications	GRCh38	ENCSR392HSJ	shRNA RNA-seq	HNRNPF	1	1_1
ENCFF203USH	tsv	transcript quantifications	GRCh38	ENCSR392HSJ	shRNA RNA-seq	HNRNPF	2	2_1
ENCFF085EWR	tsv	transcript quantifications	GRCh38	ENCSR866XLI	shRNA RNA-seq	LARP4	1	1_1
ENCFF188ZTG	tsv	transcript quantifications	GRCh38	ENCSR866XLI	shRNA RNA-seq	LARP4	2	2_1
ENCFF267DAY	tsv	transcript quantifications	GRCh38	ENCSR678MVE	shRNA RNA-seq	UCHL5	1	1_1
ENCFF132GZQ	tsv	transcript quantifications	GRCh38	ENCSR678MVE	shRNA RNA-seq	UCHL5	2	2_1
ENCFF218QWF	tsv	transcript quantifications	GRCh38	ENCSR611ZAL	shRNA RNA-seq	TAF15	1	1_1
ENCFF108NGO	tsv	transcript quantifications	GRCh38	ENCSR611ZAL	shRNA RNA-seq	TAF15	2	2_1
ENCFF891KON	tsv	transcript quantifications	GRCh38	ENCSR850PWM	shRNA RNA-seq	ZRANB2	1	1_1
ENCFF229EKP	tsv	transcript quantifications	GRCh38	ENCSR850PWM	shRNA RNA-seq	ZRANB2	2	2_1
ENCFF405XJG	tsv	transcript quantifications	GRCh38	ENCSR155EZL	shRNA RNA-seq	DDX47	2	2_1
ENCFF262MBM	tsv	transcript quantifications	GRCh38	ENCSR155EZL	shRNA RNA-seq	DDX47	1	1_1
ENCFF246DKM	tsv	transcript quantifications	GRCh38	ENCSR754RJA	shRNA RNA-seq	NUFIP2	2	2_1
ENCFF229SNV	tsv	transcript quantifications	GRCh38	ENCSR034VBA	shRNA RNA-seq	HNRNPUL1	1	1_1
ENCFF054MZG	tsv	transcript quantifications	GRCh38	ENCSR034VBA	shRNA RNA-seq	HNRNPUL1	2	2_1
ENCFF301EVC	tsv	transcript quantifications	GRCh38	ENCSR165BCF	shRNA RNA-seq	WRN	1	1_1
ENCFF370YNH	tsv	transcript quantifications	GRCh38	ENCSR165BCF	shRNA RNA-seq	WRN	2	2_1
ENCFF497HJQ	tsv	transcript quantifications	GRCh38	ENCSR113PYX	shRNA RNA-seq	CNOT7	1	1_1
ENCFF864TFD	tsv	transcript quantifications	GRCh38	ENCSR113PYX	shRNA RNA-seq	CNOT7	2	2_1
ENCFF119WIY	tsv	transcript quantifications	GRCh38	ENCSR306IOF	shRNA RNA-seq	PARN	1	1_1
ENCFF296WFQ	tsv	transcript quantifications	GRCh38	ENCSR306IOF	shRNA RNA-seq	PARN	2	2_1
ENCFF780KZP	tsv	transcript quantifications	GRCh38	ENCSR386YEV	shRNA RNA-seq	CCAR1	1	1_1
ENCFF980LAC	tsv	transcript quantifications	GRCh38	ENCSR386YEV	shRNA RNA-seq	CCAR1	2	2_1
ENCFF911DKW	tsv	transcript quantifications	GRCh38	ENCSR843LYF	shRNA RNA-seq	YTHDC2	1	1_1
ENCFF057VFZ	tsv	transcript quantifications	GRCh38	ENCSR952QDQ	shRNA RNA-seq	METAP2	1	1_1
ENCFF459PNG	tsv	transcript quantifications	GRCh38	ENCSR952QDQ	shRNA RNA-seq	METAP2	2	2_1
ENCFF802HWL	tsv	transcript quantifications	GRCh38	ENCSR631RFX	shRNA RNA-seq	MTPAP	1	1_1
ENCFF307WCE	tsv	transcript quantifications	GRCh38	ENCSR631RFX	shRNA RNA-seq	MTPAP	2	2_1
ENCFF273HOF	tsv	transcript quantifications	GRCh38	ENCSR856CJK	shRNA RNA-seq	DDX55	1	1_1
ENCFF641PIG	tsv	transcript quantifications	GRCh38	ENCSR856CJK	shRNA RNA-seq	DDX55	2	2_1
ENCFF156GRH	tsv	transcript quantifications	GRCh38	ENCSR205VSQ	shRNA RNA-seq	DDX28	1	1_1
ENCFF369HOT	tsv	transcript quantifications	GRCh38	ENCSR205VSQ	shRNA RNA-seq	DDX28	2	2_1
ENCFF897NVL	tsv	transcript quantifications	GRCh38	ENCSR210KJB	shRNA RNA-seq	RRP9	1	1_1
ENCFF139QLC	tsv	transcript quantifications	GRCh38	ENCSR210KJB	shRNA RNA-seq	RRP9	2	2_1
ENCFF881NSG	tsv	transcript quantifications	GRCh38	ENCSR891AXF	shRNA RNA-seq	SSB	1	1_1
ENCFF584DRE	tsv	transcript quantifications	GRCh38	ENCSR891AXF	shRNA RNA-seq	SSB	2	2_1
ENCFF654NKT	tsv	transcript quantifications	GRCh38	ENCSR149DMY	shRNA RNA-seq	RBM25	2	2_1
ENCFF981TVS	tsv	transcript quantifications	GRCh38	ENCSR149DMY	shRNA RNA-seq	RBM25	1	1_1
ENCFF671YXY	tsv	transcript quantifications	GRCh38	ENCSR667PLJ	shRNA RNA-seq	control	2	2_1
ENCFF603PWM	tsv	transcript quantifications	GRCh38	ENCSR545AIK	shRNA RNA-seq	PCBP1	1	1_1
ENCFF574HJB	tsv	transcript quantifications	GRCh38	ENCSR545AIK	shRNA RNA-seq	PCBP1	2	2_1
ENCFF590OCK	tsv	transcript quantifications	GRCh38	ENCSR619PCR	shRNA RNA-seq	control	1	1_1
ENCFF237SKF	tsv	transcript quantifications	GRCh38	ENCSR619PCR	shRNA RNA-seq	control	2	2_1
ENCFF787VTK	tsv	transcript quantifications	GRCh38	ENCSR016OIX	shRNA RNA-seq	MARK2	1	1_1
ENCFF858SWJ	tsv	transcript quantifications	GRCh38	ENCSR016OIX	shRNA RNA-seq	MARK2	2	2_1
ENCFF771PZG	tsv	transcript quantifications	GRCh38	ENCSR973QSV	shRNA RNA-seq	AATF	1	1_1
ENCFF420ZNQ	tsv	transcript quantifications	GRCh38	ENCSR973QSV	shRNA RNA-seq	AATF	2	2_1
ENCFF830GTV	tsv	transcript quantifications	GRCh38	ENCSR792CBM	shRNA RNA-seq	G3BP1	1	1_1
ENCFF081TGR	tsv	transcript quantifications	GRCh38	ENCSR792CBM	shRNA RNA-seq	G3BP1	2	2_1
ENCFF758JMM	tsv	transcript quantifications	GRCh38	ENCSR694LKY	shRNA RNA-seq	TIA1	1	1_1
ENCFF535YUS	tsv	transcript quantifications	GRCh38	ENCSR694LKY	shRNA RNA-seq	TIA1	2	2_1
ENCFF761BNH	tsv	transcript quantifications	GRCh38	ENCSR047AJA	shRNA RNA-seq	SUB1	1	1_1
ENCFF793KBU	tsv	transcript quantifications	GRCh38	ENCSR047AJA	shRNA RNA-seq	SUB1	2	2_1
ENCFF042JFD	tsv	transcript quantifications	GRCh38	ENCSR546MBH	shRNA RNA-seq	EIF2S1	2	2_1
ENCFF200UWT	tsv	transcript quantifications	GRCh38	ENCSR546MBH	shRNA RNA-seq	EIF2S1	1	1_1
ENCFF547OEY	tsv	transcript quantifications	GRCh38	ENCSR201WFU	shRNA RNA-seq	NELFE	2	2_1
ENCFF731DMP	tsv	transcript quantifications	GRCh38	ENCSR201WFU	shRNA RNA-seq	NELFE	1	1_1
ENCFF684TVB	tsv	transcript quantifications	GRCh38	ENCSR024FOF	shRNA RNA-seq	control	1	1_1
ENCFF734BPD	tsv	transcript quantifications	GRCh38	ENCSR024FOF	shRNA RNA-seq	control	2	2_1
ENCFF033SWZ	tsv	transcript quantifications	GRCh38	ENCSR324WIS	shRNA RNA-seq	control	1	1_1
ENCFF179JKL	tsv	transcript quantifications	GRCh38	ENCSR324WIS	shRNA RNA-seq	control	2	2_1
ENCFF147JCB	tsv	transcript quantifications	GRCh38	ENCSR192GBD	shRNA RNA-seq	PABPC1	1	1_1
ENCFF632DCW	tsv	transcript quantifications	GRCh38	ENCSR192GBD	shRNA RNA-seq	PABPC1	2	2_1
ENCFF897UVO	tsv	transcript quantifications	GRCh38	ENCSR373KOF	shRNA RNA-seq	FUBP3	1	1_1
ENCFF827LDX	tsv	transcript quantifications	GRCh38	ENCSR373KOF	shRNA RNA-seq	FUBP3	2	2_1
ENCFF507JTV	tsv	transcript quantifications	GRCh38	ENCSR047EEG	shRNA RNA-seq	PABPC4	2	2_1
ENCFF941HOC	tsv	transcript quantifications	GRCh38	ENCSR047EEG	shRNA RNA-seq	PABPC4	1	1_1
ENCFF406LQA	tsv	transcript quantifications	GRCh38	ENCSR774BXV	shRNA RNA-seq	EIF4B	2	2_1
ENCFF901CQT	tsv	transcript quantifications	GRCh38	ENCSR774BXV	shRNA RNA-seq	EIF4B	1	1_1
ENCFF162PMI	tsv	transcript quantifications	GRCh38	ENCSR438MDN	shRNA RNA-seq	control	1	1_1
ENCFF219VKG	tsv	transcript quantifications	GRCh38	ENCSR438MDN	shRNA RNA-seq	control	2	2_1
ENCFF755ABO	tsv	transcript quantifications	GRCh38	ENCSR529JNJ	shRNA RNA-seq	HNRNPK	1	1_1
ENCFF167GZM	tsv	transcript quantifications	GRCh38	ENCSR529JNJ	shRNA RNA-seq	HNRNPK	2	2_1
ENCFF143ATZ	tsv	transcript quantifications	GRCh38	ENCSR481YXD	shRNA RNA-seq	IGF2BP3	2	2_1
ENCFF230FAU	tsv	transcript quantifications	GRCh38	ENCSR481YXD	shRNA RNA-seq	IGF2BP3	1	1_1
ENCFF609LTE	tsv	transcript quantifications	GRCh38	ENCSR470PRV	shRNA RNA-seq	HNRNPC	2	2_1
ENCFF890UTA	tsv	transcript quantifications	GRCh38	ENCSR470PRV	shRNA RNA-seq	HNRNPC	1	1_1
ENCFF930OTO	tsv	transcript quantifications	GRCh38	ENCSR342EDG	shRNA RNA-seq	U2AF1	2	2_1
ENCFF234NYQ	tsv	transcript quantifications	GRCh38	ENCSR342EDG	shRNA RNA-seq	U2AF1	1	1_1
ENCFF675VDK	tsv	transcript quantifications	GRCh38	ENCSR904BCZ	shRNA RNA-seq	RAVER1	1	1_1
ENCFF595DIJ	tsv	transcript quantifications	GRCh38	ENCSR904BCZ	shRNA RNA-seq	RAVER1	2	2_1
ENCFF923QYI	tsv	transcript quantifications	GRCh38	ENCSR119QWQ	shRNA RNA-seq	DDX6	2	2_1
ENCFF229FRE	tsv	transcript quantifications	GRCh38	ENCSR119QWQ	shRNA RNA-seq	DDX6	1	1_1
ENCFF336CFR	tsv	transcript quantifications	GRCh38	ENCSR363QIA	shRNA RNA-seq	PRPF4	1	1_1
ENCFF591YRM	tsv	transcript quantifications	GRCh38	ENCSR363QIA	shRNA RNA-seq	PRPF4	2	2_1
ENCFF372RKP	tsv	transcript quantifications	GRCh38	ENCSR246SOU	shRNA RNA-seq	G3BP2	1	1_1
ENCFF273RHK	tsv	transcript quantifications	GRCh38	ENCSR246SOU	shRNA RNA-seq	G3BP2	2	2_1
ENCFF173YRT	tsv	transcript quantifications	GRCh38	ENCSR361LBE	shRNA RNA-seq	NCBP2	1	1_1
ENCFF422IKP	tsv	transcript quantifications	GRCh38	ENCSR361LBE	shRNA RNA-seq	NCBP2	2	2_1
ENCFF538XNN	tsv	transcript quantifications	GRCh38	ENCSR079IPT	shRNA RNA-seq	TBRG4	1	1_1
ENCFF998EYP	tsv	transcript quantifications	GRCh38	ENCSR079IPT	shRNA RNA-seq	TBRG4	2	2_1
ENCFF512KMR	tsv	transcript quantifications	GRCh38	ENCSR118EFE	shRNA RNA-seq	control	1	1_1
ENCFF903QHR	tsv	transcript quantifications	GRCh38	ENCSR118EFE	shRNA RNA-seq	control	2	2_1
ENCFF443SLE	tsv	transcript quantifications	GRCh38	ENCSR778WPL	shRNA RNA-seq	HNRNPAB	1	1_1
ENCFF654GQP	tsv	transcript quantifications	GRCh38	ENCSR778WPL	shRNA RNA-seq	HNRNPAB	2	2_1
ENCFF902XTY	tsv	transcript quantifications	GRCh38	ENCSR904CJQ	shRNA RNA-seq	U2AF2	2	2_1
ENCFF092MNE	tsv	transcript quantifications	GRCh38	ENCSR904CJQ	shRNA RNA-seq	U2AF2	1	1_1
ENCFF592YJJ	tsv	transcript quantifications	GRCh38	ENCSR634KBO	shRNA RNA-seq	HNRNPC	1	1_1
ENCFF318IJG	tsv	transcript quantifications	GRCh38	ENCSR634KBO	shRNA RNA-seq	HNRNPC	2	2_1
ENCFF390TAJ	tsv	transcript quantifications	GRCh38	ENCSR341PZW	shRNA RNA-seq	WDR43	1	1_1
ENCFF657IWC	tsv	transcript quantifications	GRCh38	ENCSR341PZW	shRNA RNA-seq	WDR43	2	2_1
ENCFF272CAA	tsv	transcript quantifications	GRCh38	ENCSR077BPR	shRNA RNA-seq	ESF1	2	2_1
ENCFF504JUH	tsv	transcript quantifications	GRCh38	ENCSR077BPR	shRNA RNA-seq	ESF1	1	1_1
ENCFF292YMC	tsv	transcript quantifications	GRCh38	ENCSR060KRD	shRNA RNA-seq	TROVE2	1	1_1
ENCFF396ARI	tsv	transcript quantifications	GRCh38	ENCSR060KRD	shRNA RNA-seq	TROVE2	2	2_1
ENCFF403JOQ	tsv	transcript quantifications	GRCh38	ENCSR040FSN	shRNA RNA-seq	EIF4G2	1	1_1
ENCFF305VQB	tsv	transcript quantifications	GRCh38	ENCSR040FSN	shRNA RNA-seq	EIF4G2	2	2_1
ENCFF077OES	tsv	transcript quantifications	GRCh38	ENCSR831YGP	shRNA RNA-seq	EWSR1	2	2_1
ENCFF260QEF	tsv	transcript quantifications	GRCh38	ENCSR831YGP	shRNA RNA-seq	EWSR1	1	1_1
ENCFF125TDM	tsv	transcript quantifications	GRCh38	ENCSR101OPF	shRNA RNA-seq	SUCLG1	2	2_1
ENCFF821JHP	tsv	transcript quantifications	GRCh38	ENCSR101OPF	shRNA RNA-seq	SUCLG1	1	1_1
ENCFF257FGH	tsv	transcript quantifications	GRCh38	ENCSR126ARZ	shRNA RNA-seq	ILF2	1	1_1
ENCFF652FPO	tsv	transcript quantifications	GRCh38	ENCSR126ARZ	shRNA RNA-seq	ILF2	2	2_1
ENCFF829KUN	tsv	transcript quantifications	GRCh38	ENCSR306EIU	shRNA RNA-seq	YBX3	1	1_1
ENCFF238MTQ	tsv	transcript quantifications	GRCh38	ENCSR306EIU	shRNA RNA-seq	YBX3	2	2_1
ENCFF692ZRB	tsv	transcript quantifications	GRCh38	ENCSR891DYO	shRNA RNA-seq	PES1	1	1_1
ENCFF196WCQ	tsv	transcript quantifications	GRCh38	ENCSR891DYO	shRNA RNA-seq	PES1	2	2_1
ENCFF483ODA	tsv	transcript quantifications	GRCh38	ENCSR092WKG	shRNA RNA-seq	control	2	2_1
ENCFF977ADE	tsv	transcript quantifications	GRCh38	ENCSR092WKG	shRNA RNA-seq	control	1	1_1
ENCFF179HKR	tsv	transcript quantifications	GRCh38	ENCSR395FYF	shRNA RNA-seq	AUH	2	2_1
ENCFF617XMD	tsv	transcript quantifications	GRCh38	ENCSR395FYF	shRNA RNA-seq	AUH	1	1_1
ENCFF109FQE	tsv	transcript quantifications	GRCh38	ENCSR911DGK	shRNA RNA-seq	TFIP11	1	1_1
ENCFF815RXM	tsv	transcript quantifications	GRCh38	ENCSR911DGK	shRNA RNA-seq	TFIP11	2	2_1
ENCFF829OPZ	tsv	transcript quantifications	GRCh38	ENCSR118XYK	shRNA RNA-seq	PUM2	1	1_1
ENCFF648RQY	tsv	transcript quantifications	GRCh38	ENCSR118XYK	shRNA RNA-seq	PUM2	2	2_1
ENCFF176JXP	tsv	transcript quantifications	GRCh38	ENCSR954HAY	shRNA RNA-seq	SART3	1	1_1
ENCFF868QJP	tsv	transcript quantifications	GRCh38	ENCSR954HAY	shRNA RNA-seq	SART3	2	2_1
ENCFF295OWP	tsv	transcript quantifications	GRCh38	ENCSR129RWD	shRNA RNA-seq	control	1	1_1
ENCFF019GHG	tsv	transcript quantifications	GRCh38	ENCSR129RWD	shRNA RNA-seq	control	2	2_1
ENCFF406ORF	tsv	transcript quantifications	GRCh38	ENCSR527IVX	shRNA RNA-seq	PTBP1	2	2_1
ENCFF591TUJ	tsv	transcript quantifications	GRCh38	ENCSR527IVX	shRNA RNA-seq	PTBP1	1	1_1
ENCFF826PWJ	tsv	transcript quantifications	GRCh38	ENCSR134JRE	shRNA RNA-seq	TARDBP	2	2_1
ENCFF020RIE	tsv	transcript quantifications	GRCh38	ENCSR134JRE	shRNA RNA-seq	TARDBP	1	1_1
ENCFF514YXZ	tsv	transcript quantifications	GRCh38	ENCSR004RGI	shRNA RNA-seq	RPS10	1	1_1
ENCFF823COB	tsv	transcript quantifications	GRCh38	ENCSR004RGI	shRNA RNA-seq	RPS10	2	2_1
ENCFF057ZJZ	tsv	transcript quantifications	GRCh38	ENCSR056QEW	shRNA RNA-seq	CIRBP	1	1_1
ENCFF114DUV	tsv	transcript quantifications	GRCh38	ENCSR056QEW	shRNA RNA-seq	CIRBP	2	2_1
ENCFF268QOM	tsv	transcript quantifications	GRCh38	ENCSR067LLB	shRNA RNA-seq	DDX24	1	1_1
ENCFF840NSR	tsv	transcript quantifications	GRCh38	ENCSR067LLB	shRNA RNA-seq	DDX24	2	2_1
ENCFF567SCT	tsv	transcript quantifications	GRCh38	ENCSR495YSS	shRNA RNA-seq	AGO2	1	1_1
ENCFF318ZVK	tsv	transcript quantifications	GRCh38	ENCSR495YSS	shRNA RNA-seq	AGO2	2	2_1
ENCFF648EVR	tsv	transcript quantifications	GRCh38	ENCSR007XKL	shRNA RNA-seq	NFX1	1	1_1
ENCFF718JDT	tsv	transcript quantifications	GRCh38	ENCSR007XKL	shRNA RNA-seq	NFX1	2	2_1
ENCFF939YMX	tsv	transcript quantifications	GRCh38	ENCSR000KYM	shRNA RNA-seq	DDX3X	2	2_1
ENCFF592LTU	tsv	transcript quantifications	GRCh38	ENCSR000KYM	shRNA RNA-seq	DDX3X	1	1_1
ENCFF178AIZ	tsv	transcript quantifications	GRCh38	ENCSR455TNF	shRNA RNA-seq	TARDBP	1	1_1
ENCFF674KEI	tsv	transcript quantifications	GRCh38	ENCSR455TNF	shRNA RNA-seq	TARDBP	2	2_1
ENCFF655RHC	tsv	transcript quantifications	GRCh38	ENCSR913CAE	shRNA RNA-seq	control	1	1_1
ENCFF966WGJ	tsv	transcript quantifications	GRCh38	ENCSR913CAE	shRNA RNA-seq	control	2	2_1
ENCFF738QRF	tsv	transcript quantifications	GRCh38	ENCSR936TED	shRNA RNA-seq	POLR2G	1	1_1
ENCFF535LEX	tsv	transcript quantifications	GRCh38	ENCSR936TED	shRNA RNA-seq	POLR2G	2	2_1
ENCFF058RLC	tsv	transcript quantifications	GRCh38	ENCSR310VND	shRNA RNA-seq	RECQL	1	1_1
ENCFF827OKC	tsv	transcript quantifications	GRCh38	ENCSR310VND	shRNA RNA-seq	RECQL	2	2_1
ENCFF313MCX	tsv	transcript quantifications	GRCh38	ENCSR961YAG	shRNA RNA-seq	EIF4A3	2	2_1
ENCFF876JAF	tsv	transcript quantifications	GRCh38	ENCSR961YAG	shRNA RNA-seq	EIF4A3	1	1_1
ENCFF827ZQK	tsv	transcript quantifications	GRCh38	ENCSR947OIM	shRNA RNA-seq	RBM22	1	1_1
ENCFF565LSV	tsv	transcript quantifications	GRCh38	ENCSR947OIM	shRNA RNA-seq	RBM22	2	2_1
ENCFF242YTM	tsv	transcript quantifications	GRCh38	ENCSR942UNX	shRNA RNA-seq	control	2	2_1
ENCFF552KZT	tsv	transcript quantifications	GRCh38	ENCSR942UNX	shRNA RNA-seq	control	1	1_1
ENCFF519QTM	tsv	transcript quantifications	GRCh38	ENCSR952RRH	shRNA RNA-seq	IGF2BP2	1	1_1
ENCFF002FEA	tsv	transcript quantifications	GRCh38	ENCSR952RRH	shRNA RNA-seq	IGF2BP2	2	2_1
ENCFF398TER	tsv	transcript quantifications	GRCh38	ENCSR256PLH	shRNA RNA-seq	QKI	2	2_1
ENCFF842XLV	tsv	transcript quantifications	GRCh38	ENCSR256PLH	shRNA RNA-seq	QKI	1	1_1
ENCFF240VJG	tsv	transcript quantifications	GRCh38	ENCSR207QGW	shRNA RNA-seq	AGO3	2	2_1
ENCFF113WQE	tsv	transcript quantifications	GRCh38	ENCSR207QGW	shRNA RNA-seq	AGO3	1	1_1
ENCFF643OYE	tsv	transcript quantifications	GRCh38	ENCSR351CNN	shRNA RNA-seq	CELF1	2	2_1
ENCFF484XSV	tsv	transcript quantifications	GRCh38	ENCSR351CNN	shRNA RNA-seq	CELF1	1	1_1
ENCFF752LMQ	tsv	transcript quantifications	GRCh38	ENCSR771ZZL	shRNA RNA-seq	control	1	1_1
ENCFF336JTY	tsv	transcript quantifications	GRCh38	ENCSR771ZZL	shRNA RNA-seq	control	2	2_1
ENCFF610VRU	tsv	transcript quantifications	GRCh38	ENCSR849STR	shRNA RNA-seq	MAGOH	1	1_1
ENCFF905VUQ	tsv	transcript quantifications	GRCh38	ENCSR849STR	shRNA RNA-seq	MAGOH	2	2_1
ENCFF440YFO	tsv	transcript quantifications	GRCh38	ENCSR675KPR	shRNA RNA-seq	RBM3	1	1_1
ENCFF809RRZ	tsv	transcript quantifications	GRCh38	ENCSR675KPR	shRNA RNA-seq	RBM3	2	2_1
ENCFF953KTX	tsv	transcript quantifications	GRCh38	ENCSR372DZW	shRNA RNA-seq	control	2	2_1
ENCFF465IAC	tsv	transcript quantifications	GRCh38	ENCSR372DZW	shRNA RNA-seq	control	1	1_1
ENCFF819AQM	tsv	transcript quantifications	GRCh38	ENCSR717SJA	shRNA RNA-seq	XRN2	1	1_1
ENCFF195WZN	tsv	transcript quantifications	GRCh38	ENCSR717SJA	shRNA RNA-seq	XRN2	2	2_1
ENCFF622RFX	tsv	transcript quantifications	GRCh38	ENCSR562CCA	shRNA RNA-seq	SF1	1	1_1
ENCFF675ONE	tsv	transcript quantifications	GRCh38	ENCSR562CCA	shRNA RNA-seq	SF1	2	2_1
ENCFF448HII	tsv	transcript quantifications	GRCh38	ENCSR112YTD	shRNA RNA-seq	SLBP	1	1_1
ENCFF754IOS	tsv	transcript quantifications	GRCh38	ENCSR112YTD	shRNA RNA-seq	SLBP	2	2_1
ENCFF576MGG	tsv	transcript quantifications	GRCh38	ENCSR618IQH	shRNA RNA-seq	PUS1	1	1_1
ENCFF976OYT	tsv	transcript quantifications	GRCh38	ENCSR618IQH	shRNA RNA-seq	PUS1	2	2_1
ENCFF233EHX	tsv	transcript quantifications	GRCh38	ENCSR267RHP	shRNA RNA-seq	BUD13	1	1_1
ENCFF730QZD	tsv	transcript quantifications	GRCh38	ENCSR267RHP	shRNA RNA-seq	BUD13	2	2_1
ENCFF847RVN	tsv	transcript quantifications	GRCh38	ENCSR778SIU	shRNA RNA-seq	SUPV3L1	1	1_1
ENCFF844HEF	tsv	transcript quantifications	GRCh38	ENCSR778SIU	shRNA RNA-seq	SUPV3L1	2	2_1
ENCFF434GRS	tsv	transcript quantifications	GRCh38	ENCSR379VXW	shRNA RNA-seq	FKBP4	1	1_1
ENCFF281LSY	tsv	transcript quantifications	GRCh38	ENCSR379VXW	shRNA RNA-seq	FKBP4	2	2_1
ENCFF175CSL	tsv	transcript quantifications	GRCh38	ENCSR492BKM	shRNA RNA-seq	FAM120A	1	1_1
ENCFF533OCC	tsv	transcript quantifications	GRCh38	ENCSR492BKM	shRNA RNA-seq	FAM120A	2	2_1
ENCFF433IJI	tsv	transcript quantifications	GRCh38	ENCSR117WLY	shRNA RNA-seq	EFTUD2	1	1_1
ENCFF675SZA	tsv	transcript quantifications	GRCh38	ENCSR117WLY	shRNA RNA-seq	EFTUD2	2	2_1
ENCFF635YSD	tsv	transcript quantifications	GRCh38	ENCSR098NHI	shRNA RNA-seq	RPS19	1	1_1
ENCFF236IZX	tsv	transcript quantifications	GRCh38	ENCSR098NHI	shRNA RNA-seq	RPS19	2	2_1
ENCFF802NJZ	tsv	transcript quantifications	GRCh38	ENCSR268JDD	shRNA RNA-seq	AGO1	1	1_1
ENCFF486EWI	tsv	transcript quantifications	GRCh38	ENCSR268JDD	shRNA RNA-seq	AGO1	2	2_1
ENCFF629MXE	tsv	transcript quantifications	GRCh38	ENCSR624OUI	shRNA RNA-seq	AQR	2	2_1
ENCFF331XCE	tsv	transcript quantifications	GRCh38	ENCSR624OUI	shRNA RNA-seq	AQR	1	1_1
ENCFF721GFA	tsv	transcript quantifications	GRCh38	ENCSR234YMW	shRNA RNA-seq	SLTM	2	2_1
ENCFF528YUX	tsv	transcript quantifications	GRCh38	ENCSR234YMW	shRNA RNA-seq	SLTM	1	1_1
ENCFF187XXW	tsv	transcript quantifications	GRCh38	ENCSR648QFY	shRNA RNA-seq	PCBP2	2	2_1
ENCFF684RIN	tsv	transcript quantifications	GRCh38	ENCSR648QFY	shRNA RNA-seq	PCBP2	1	1_1
ENCFF374KCT	tsv	transcript quantifications	GRCh38	ENCSR715XZS	shRNA RNA-seq	XRCC5	1	1_1
ENCFF775HVR	tsv	transcript quantifications	GRCh38	ENCSR715XZS	shRNA RNA-seq	XRCC5	2	2_1
ENCFF497IYY	tsv	transcript quantifications	GRCh38	ENCSR139BIJ	shRNA RNA-seq	FXR2	1	1_1
ENCFF509TJZ	tsv	transcript quantifications	GRCh38	ENCSR139BIJ	shRNA RNA-seq	FXR2	2	2_1
ENCFF985UWA	tsv	transcript quantifications	GRCh38	ENCSR815CVQ	shRNA RNA-seq	control	1	1_1
ENCFF049PQS	tsv	transcript quantifications	GRCh38	ENCSR815CVQ	shRNA RNA-seq	control	2	2_1
ENCFF459HWH	tsv	transcript quantifications	GRCh38	ENCSR792XFP	shRNA RNA-seq	MATR3	1	1_1
ENCFF449IDY	tsv	transcript quantifications	GRCh38	ENCSR792XFP	shRNA RNA-seq	MATR3	2	2_1
ENCFF673JLT	tsv	transcript quantifications	GRCh38	ENCSR561CBC	shRNA RNA-seq	KHSRP	1	1_1
ENCFF452LES	tsv	transcript quantifications	GRCh38	ENCSR561CBC	shRNA RNA-seq	KHSRP	2	2_1
ENCFF892UXR	tsv	transcript quantifications	GRCh38	ENCSR066VOO	shRNA RNA-seq	SRSF1	1	1_1
ENCFF869BEK	tsv	transcript quantifications	GRCh38	ENCSR066VOO	shRNA RNA-seq	SRSF1	2	2_1
ENCFF939DKX	tsv	transcript quantifications	GRCh38	ENCSR222LRL	shRNA RNA-seq	CPSF7	2	2_1
ENCFF519FPD	tsv	transcript quantifications	GRCh38	ENCSR222LRL	shRNA RNA-seq	CPSF7	1	1_1
ENCFF774KTV	tsv	transcript quantifications	GRCh38	ENCSR137HKS	shRNA RNA-seq	PRPF8	1	1_1
ENCFF378ERF	tsv	transcript quantifications	GRCh38	ENCSR137HKS	shRNA RNA-seq	PRPF8	2	2_1
ENCFF445EAJ	tsv	transcript quantifications	GRCh38	ENCSR795VAK	shRNA RNA-seq	CPEB4	2	2_1
ENCFF172KOS	tsv	transcript quantifications	GRCh38	ENCSR795VAK	shRNA RNA-seq	CPEB4	1	1_1
ENCFF365EBB	tsv	transcript quantifications	GRCh38	ENCSR079LMZ	shRNA RNA-seq	DNAJC21	1	1_1
ENCFF759DTN	tsv	transcript quantifications	GRCh38	ENCSR079LMZ	shRNA RNA-seq	DNAJC21	2	2_1
ENCFF146OUN	tsv	transcript quantifications	GRCh38	ENCSR334BTA	shRNA RNA-seq	WDR3	1	1_1
ENCFF572TGX	tsv	transcript quantifications	GRCh38	ENCSR334BTA	shRNA RNA-seq	WDR3	2	2_1
ENCFF507HMF	tsv	transcript quantifications	GRCh38	ENCSR529MBZ	shRNA RNA-seq	PPIG	1	1_1
ENCFF853UVW	tsv	transcript quantifications	GRCh38	ENCSR529MBZ	shRNA RNA-seq	PPIG	2	2_1
ENCFF288CSI	tsv	transcript quantifications	GRCh38	ENCSR794NUE	shRNA RNA-seq	HNRNPA2B1	1	1_1
ENCFF992GHF	tsv	transcript quantifications	GRCh38	ENCSR794NUE	shRNA RNA-seq	HNRNPA2B1	2	2_1
ENCFF360AVE	tsv	transcript quantifications	GRCh38	ENCSR555LCE	shRNA RNA-seq	FMR1	2	2_1
ENCFF710UIN	tsv	transcript quantifications	GRCh38	ENCSR555LCE	shRNA RNA-seq	FMR1	1	1_1
ENCFF952CDY	tsv	transcript quantifications	GRCh38	ENCSR563YIS	shRNA RNA-seq	HNRNPL	1	1_1
ENCFF243WXZ	tsv	transcript quantifications	GRCh38	ENCSR563YIS	shRNA RNA-seq	HNRNPL	2	2_1
ENCFF045TFX	tsv	transcript quantifications	GRCh38	ENCSR398GHW	shRNA RNA-seq	GEMIN5	1	1_1
ENCFF268ZHL	tsv	transcript quantifications	GRCh38	ENCSR398GHW	shRNA RNA-seq	GEMIN5	2	2_1
ENCFF224KON	tsv	transcript quantifications	GRCh38	ENCSR608IAI	shRNA RNA-seq	FASTKD2	1	1_1
ENCFF292WHU	tsv	transcript quantifications	GRCh38	ENCSR608IAI	shRNA RNA-seq	FASTKD2	2	2_1
ENCFF155KUG	tsv	transcript quantifications	GRCh38	ENCSR244SIO	shRNA RNA-seq	KRR1	2	2_1
ENCFF100YIO	tsv	transcript quantifications	GRCh38	ENCSR244SIO	shRNA RNA-seq	KRR1	1	1_1
ENCFF248PPG	tsv	transcript quantifications	GRCh38	ENCSR770OWW	shRNA RNA-seq	LARP7	2	2_1
ENCFF056JBK	tsv	transcript quantifications	GRCh38	ENCSR770OWW	shRNA RNA-seq	LARP7	1	1_1
ENCFF517TZP	tsv	transcript quantifications	GRCh38	ENCSR599UDS	shRNA RNA-seq	AARS	2	2_1
ENCFF105TYS	tsv	transcript quantifications	GRCh38	ENCSR599UDS	shRNA RNA-seq	AARS	1	1_1
ENCFF402EML	tsv	transcript quantifications	GRCh38	ENCSR967QNT	shRNA RNA-seq	GPKOW	1	1_1
ENCFF998LNL	tsv	transcript quantifications	GRCh38	ENCSR967QNT	shRNA RNA-seq	GPKOW	2	2_1
ENCFF654TUU	tsv	transcript quantifications	GRCh38	ENCSR835RMN	shRNA RNA-seq	GRSF1	1	1_1
ENCFF840UCD	tsv	transcript quantifications	GRCh38	ENCSR835RMN	shRNA RNA-seq	GRSF1	2	2_1
ENCFF294ZBC	tsv	transcript quantifications	GRCh38	ENCSR227AVS	shRNA RNA-seq	NOL12	1	1_1
ENCFF782JVI	tsv	transcript quantifications	GRCh38	ENCSR227AVS	shRNA RNA-seq	NOL12	2	2_1
ENCFF838ILT	tsv	transcript quantifications	GRCh38	ENCSR809ISU	shRNA RNA-seq	AKAP8L	2	2_1
ENCFF397GQC	tsv	transcript quantifications	GRCh38	ENCSR809ISU	shRNA RNA-seq	AKAP8L	1	1_1
ENCFF263HSR	tsv	transcript quantifications	GRCh38	ENCSR813NZP	shRNA RNA-seq	SRFBP1	1	1_1
ENCFF722HAN	tsv	transcript quantifications	GRCh38	ENCSR813NZP	shRNA RNA-seq	SRFBP1	2	2_1
ENCFF388FTI	tsv	transcript quantifications	GRCh38	ENCSR602AWR	shRNA RNA-seq	TUFM	1	1_1
ENCFF743OYM	tsv	transcript quantifications	GRCh38	ENCSR602AWR	shRNA RNA-seq	TUFM	2	2_1
ENCFF057DKU	tsv	transcript quantifications	GRCh38	ENCSR014VQS	shRNA RNA-seq	RECQL	2	2_1
ENCFF723AMJ	tsv	transcript quantifications	GRCh38	ENCSR014VQS	shRNA RNA-seq	RECQL	1	1_1
ENCFF868NCC	tsv	transcript quantifications	GRCh38	ENCSR606QIX	shRNA RNA-seq	BCCIP	1	1_1
ENCFF009HYJ	tsv	transcript quantifications	GRCh38	ENCSR606QIX	shRNA RNA-seq	BCCIP	2	2_1
ENCFF362IGI	tsv	transcript quantifications	GRCh38	ENCSR191VWK	shRNA RNA-seq	PNPT1	1	1_1
ENCFF603YUU	tsv	transcript quantifications	GRCh38	ENCSR191VWK	shRNA RNA-seq	PNPT1	2	2_1
ENCFF422XCY	tsv	transcript quantifications	GRCh38	ENCSR678WOA	shRNA RNA-seq	RBM39	1	1_1
ENCFF754DQS	tsv	transcript quantifications	GRCh38	ENCSR678WOA	shRNA RNA-seq	RBM39	2	2_1
ENCFF259EGM	tsv	transcript quantifications	GRCh38	ENCSR902WSK	shRNA RNA-seq	SSRP1	1	1_1
ENCFF830UDU	tsv	transcript quantifications	GRCh38	ENCSR902WSK	shRNA RNA-seq	SSRP1	2	2_1
ENCFF257YAN	tsv	transcript quantifications	GRCh38	ENCSR874ZLI	shRNA RNA-seq	CCDC124	1	1_1
ENCFF358BQS	tsv	transcript quantifications	GRCh38	ENCSR874ZLI	shRNA RNA-seq	CCDC124	2	2_1
ENCFF204UCE	tsv	transcript quantifications	GRCh38	ENCSR885YOI	shRNA RNA-seq	CSTF2	1	1_1
ENCFF083RWW	tsv	transcript quantifications	GRCh38	ENCSR885YOI	shRNA RNA-seq	CSTF2	2	2_1
ENCFF334BIP	tsv	transcript quantifications	GRCh38	ENCSR000YYN	shRNA RNA-seq	AKAP8	1	1_1
ENCFF303IRW	tsv	transcript quantifications	GRCh38	ENCSR000YYN	shRNA RNA-seq	AKAP8	2	2_1
ENCFF971AVQ	tsv	transcript quantifications	GRCh38	ENCSR517JHY	shRNA RNA-seq	MAK16	1	1_1
ENCFF771PJA	tsv	transcript quantifications	GRCh38	ENCSR517JHY	shRNA RNA-seq	MAK16	2	2_1
ENCFF794WLV	tsv	transcript quantifications	GRCh38	ENCSR222ABK	shRNA RNA-seq	HSPD1	1	1_1
ENCFF546VYP	tsv	transcript quantifications	GRCh38	ENCSR222ABK	shRNA RNA-seq	HSPD1	2	2_1
ENCFF761MWI	tsv	transcript quantifications	GRCh38	ENCSR524YXQ	shRNA RNA-seq	SRPK2	1	1_1
ENCFF962BLE	tsv	transcript quantifications	GRCh38	ENCSR524YXQ	shRNA RNA-seq	SRPK2	2	2_1
ENCFF163DCS	tsv	transcript quantifications	GRCh38	ENCSR152IWT	shRNA RNA-seq	TRIP6	1	1_1
ENCFF213AQC	tsv	transcript quantifications	GRCh38	ENCSR152IWT	shRNA RNA-seq	TRIP6	2	2_1
ENCFF084UMP	tsv	transcript quantifications	GRCh38	ENCSR984CLJ	shRNA RNA-seq	CCAR2	1	1_1
ENCFF740QKL	tsv	transcript quantifications	GRCh38	ENCSR984CLJ	shRNA RNA-seq	CCAR2	2	2_1
ENCFF370QXC	tsv	transcript quantifications	GRCh38	ENCSR023HWI	shRNA RNA-seq	KHDRBS1	1	1_1
ENCFF126AIW	tsv	transcript quantifications	GRCh38	ENCSR023HWI	shRNA RNA-seq	KHDRBS1	2	2_1
ENCFF437KMQ	tsv	transcript quantifications	GRCh38	ENCSR528ASX	shRNA RNA-seq	GRWD1	2	2_1
ENCFF059CLG	tsv	transcript quantifications	GRCh38	ENCSR528ASX	shRNA RNA-seq	GRWD1	1	1_1
ENCFF343LZK	tsv	transcript quantifications	GRCh38	ENCSR222COT	shRNA RNA-seq	MBNL1	1	1_1
ENCFF620IKZ	tsv	transcript quantifications	GRCh38	ENCSR222COT	shRNA RNA-seq	MBNL1	2	2_1
ENCFF646DPH	tsv	transcript quantifications	GRCh38	ENCSR245BNJ	shRNA RNA-seq	control	2	2_1
ENCFF957ZFC	tsv	transcript quantifications	GRCh38	ENCSR245BNJ	shRNA RNA-seq	control	1	1_1
ENCFF802KDZ	tsv	transcript quantifications	GRCh38	ENCSR620PUP	shRNA RNA-seq	control	1	1_1
ENCFF707JXZ	tsv	transcript quantifications	GRCh38	ENCSR620PUP	shRNA RNA-seq	control	2	2_1
ENCFF823TJS	tsv	transcript quantifications	GRCh38	ENCSR164MUK	shRNA RNA-seq	control	2	2_1
ENCFF455IQQ	tsv	transcript quantifications	GRCh38	ENCSR164MUK	shRNA RNA-seq	control	1	1_1
ENCFF558MOO	tsv	transcript quantifications	GRCh38	ENCSR746NIM	shRNA RNA-seq	HNRNPM	1	1_1
ENCFF940WLP	tsv	transcript quantifications	GRCh38	ENCSR746NIM	shRNA RNA-seq	HNRNPM	2	2_1
ENCFF675OPX	tsv	transcript quantifications	GRCh38	ENCSR032YMP	shRNA RNA-seq	control	2	2_1
ENCFF140ACK	tsv	transcript quantifications	GRCh38	ENCSR032YMP	shRNA RNA-seq	control	1	1_1
ENCFF270HUI	tsv	transcript quantifications	GRCh38	ENCSR552NBS	shRNA RNA-seq	HNRNPA0	1	1_1
ENCFF021LUC	tsv	transcript quantifications	GRCh38	ENCSR552NBS	shRNA RNA-seq	HNRNPA0	2	2_1
ENCFF301DIS	tsv	transcript quantifications	GRCh38	ENCSR076PMZ	shRNA RNA-seq	EIF2S2	1	1_1
ENCFF282NGD	tsv	transcript quantifications	GRCh38	ENCSR076PMZ	shRNA RNA-seq	EIF2S2	2	2_1
ENCFF651OYD	tsv	transcript quantifications	GRCh38	ENCSR419JMU	shRNA RNA-seq	control	1	1_1
ENCFF944WGE	tsv	transcript quantifications	GRCh38	ENCSR419JMU	shRNA RNA-seq	control	2	2_1
